Feature,Correlation,Abs_Correlation
HBD,-0.685497351341333,0.685497351341333
TPSA,-0.6607353007845878,0.6607353007845878
HBA,-0.42957434472908496,0.42957434472908496
MW,-0.36435406494340894,0.36435406494340894
LogP,0.3538675294075646,0.3538675294075646
NumRotatableBonds,-0.2553129621305228,0.2553129621305228
NumAromaticRings,-0.12092998255341425,0.12092998255341425
FractionCSP3,-0.09547966154454203,0.09547966154454203
