mean,median,std,min,max,skewness,kurtosis
-5.239498353736264,-5.131223899999999,0.7768090638591771,-7.7600002,-3.51,-0.665807036183841,0.05569371607080109
