mean,median,std,min,max
0.10820532617476203,0.1,0.06992034721412786,0.0,1.0
