Feature,Correlation,Abs_Correlation
HBA,0.12200567813563752,0.12200567813563752
NumAromaticRings,0.11095533936604779,0.11095533936604779
NumRotatableBonds,0.09930683434338822,0.09930683434338822
LogP,0.07236648851231725,0.07236648851231725
MW,0.060238052979942704,0.060238052979942704
HBD,-0.04700830247480017,0.04700830247480017
FractionCSP3,0.03828786885093292,0.03828786885093292
TPSA,-0.006883029068740476,0.006883029068740476
