mean,median,std,min,max,skewness,kurtosis
34.22163339382941,12.735,44.78514326654119,3.0,150.0,1.6108028942543682,1.3402134891027377
