mean,median,std,min,max
0.1302440945229537,0.1206896551724138,0.06335247929345862,0.0,1.0
