Feature,Correlation,Abs_Correlation
NumAromaticRings,0.29171233476399483,0.29171233476399483
MW,0.1973999141365791,0.1973999141365791
LogP,0.16492961038127008,0.16492961038127008
TPSA,0.15004927519328634,0.15004927519328634
HBD,0.12234149870729011,0.12234149870729011
HBA,0.1186388596619908,0.1186388596619908
NumRotatableBonds,0.11339634406429609,0.11339634406429609
FractionCSP3,-0.08211280470296073,0.08211280470296073
