mean,median,std,min,max,skewness,kurtosis
18.212916041979014,4.2,81.80779056838723,0.065,1200.0,10.30671325138728,116.7411885158504
