mean,median,std,min,max
0.10196426050345225,0.0963855421686747,0.04999796035538388,0.0,1.0
