dataset,train_sim_mean,train_sim_median,train_sim_std,test_max_sim_mean,test_mean_sim_mean,pearson_r,pearson_p,spearman_r,spearman_p
Clearance_Microsome_AZ,0.127943770088517,0.12037037037037036,0.05940405191708087,0.4376289033054395,0.13310736676033103,-0.05406723881362132,0.08747543491690495,-0.01889892460960078,0.5505458993294163
