Feature,Correlation,Abs_Correlation
NumAromaticRings,0.1469192314453942,0.1469192314453942
LogP,0.09861475095342609,0.09861475095342609
HBA,0.08808273277654839,0.08808273277654839
FractionCSP3,-0.07384001467058827,0.07384001467058827
MW,0.06441694470359577,0.06441694470359577
TPSA,0.04737779260164521,0.04737779260164521
HBD,0.03239518141889422,0.03239518141889422
NumRotatableBonds,0.0027557168381509515,0.0027557168381509515
