mean,median,std,min,max
0.09021154272833506,0.08620689655172414,0.05103911740178738,0.0,1.0
