dataset,task_type,model,algorithm,test_rmse,test_mae,test_r2,val_rmse,train_time,test_f1,test_auc_roc,test_accuracy,val_f1,val_auc_roc
Caco2_Wang,regression,Best HPO,abc,0.0025796182453632355,0.0019252891652286053,0.5290169715881348,0.00381197570823133,435.5364260673523,,,,,
Clearance_Hepatocyte_AZ,regression,Best HPO,sa,50.29160690307617,35.00833511352539,-0.09749495983123779,50.835960388183594,75.05706262588501,,,,,
Clearance_Microsome_AZ,regression,Best HPO,sa,40.86054229736328,24.747533798217773,0.10040223598480225,38.07986068725586,60.13256573677063,,,,,
Half_Life_Obach,regression,Best HPO,abc,20.367801666259766,8.47891902923584,0.11893892288208008,15.642943382263184,50.78044056892395,,,,,
herg,classification,Best HPO,hc,,,,,17.117135524749756,0.8844221105527639,0.8139911634756996,0.8257575757575758,0.8518518518518519,0.8542510121457491
tox21,classification,Best HPO,random,,,,,66.69100165367126,0.5306122448979592,0.7353600619636778,0.9683413626978665,0.5217391304347826,0.69763353617309
