model_name,graph_layers,graph_hidden_channels,graph_norm,activation,heads,aggr,residual,use_edge_features,learning_rate,weight_decay,dropout,dataset,val_rmse,test_rmse,val_mae,test_mae,val_r2,test_r2,epochs_trained,seed,success,K,ensemble_size,refined
Graph,3,512,LayerNorm,leaky_relu,1,mean,True,True,0.001,0.001,0.1,Half_Life_Obach,106.02406584857279,17.755317858485647,26.166101455688477,7.998481750488281,-0.020996669466281537,0.3304628357357683,4.0,42.0,True,,,
TAG,3,128,GraphNorm,relu,1,max,True,True,0.005,0.0001,0.2,Half_Life_Obach,104.87213196316742,17.43850803537963,25.38992691040039,7.434423446655273,0.0010687262183138868,0.3541429015866445,9.0,42.0,True,,,
SAGE,5,128,GraphNorm,leaky_relu,1,mean,True,True,0.0005,0.001,0.3,Half_Life_Obach,106.49612118816816,18.341904919452034,25.62546157836914,7.478123664855957,-0.03010856055111444,0.2854927149227434,22.0,42.0,True,,,
SGC,6,512,GraphNorm,relu,1,add,True,True,0.0001,0.001,0.1,Half_Life_Obach,106.77687381287204,20.267022407488106,27.010087966918945,7.938358783721924,-0.03554701016101469,0.12763610909468193,1.0,42.0,True,5.0,,
GIN,6,64,LayerNorm,swish,1,max,False,True,0.005,0.001,0.1,Half_Life_Obach,105.75265954102525,17.695549632793004,26.20866584777832,8.25260066986084,-0.015776151661377247,0.3349628616613102,21.0,42.0,True,,,
TAG,3,128,GraphNorm,relu,1,max,True,True,0.005,0.0001,0.2,Half_Life_Obach,105.44525201200383,16.85682343556729,24.636863708496094,7.432683944702148,-0.00987930906481882,0.3965111350202233,,,True,,3.0,True
GIN,6,64,LayerNorm,swish,1,max,False,True,0.005,0.001,0.1,Half_Life_Obach,105.5719078845078,17.149979465127558,25.479841232299805,7.772171497344971,-0.012306805051440772,0.37533813387949944,,,True,,3.0,True
Graph,3,512,LayerNorm,leaky_relu,1,mean,True,True,0.001,0.001,0.1,Half_Life_Obach,105.925234356302,17.37345429275652,25.100217819213867,7.274962425231934,-0.01909409021631636,0.3589526081095109,,,True,,3.0,True
