model_name,graph_layers,graph_hidden_channels,graph_norm,activation,heads,aggr,residual,use_edge_features,learning_rate,weight_decay,dropout,dataset,val_rmse,test_rmse,val_mae,test_mae,val_r2,test_r2,epochs_trained,seed,success
GIN,3,256,BatchNorm,gelu,1,mean,False,True,5e-05,0.0001,0.3,Half_Life_Obach,106.37253504047696,17.35374412922855,25.816585540771484,7.828428745269775,-0.02771829573739204,0.3604063180545487,2,42,True
GIN,3,256,BatchNorm,gelu,1,mean,False,True,5e-05,0.0001,0.3,Clearance_Hepatocyte_AZ,53.04774023594808,52.70972108886201,32.210636138916016,33.598758697509766,-0.12628844195248146,-0.20557104191317044,11,42,True
GIN,3,256,BatchNorm,gelu,1,mean,False,True,5e-05,0.0001,0.3,Clearance_Microsome_AZ,42.829634173975414,44.39306960445797,23.76932716369629,26.266145706176758,-0.07244648801242648,-0.06186754389040061,7,42,True
