{
  "tox21": {
    "auc_roc": 0.728317808442551,
    "avg_precision": 0.42633869314497286,
    "f1": 0.5102040816326531,
    "accuracy": 0.9669649002064694,
    "n_test": 1453,
    "n_positive": 71,
    "n_negative": 1382
  },
  "herg": {
    "auc_roc": 0.7159057437407953,
    "avg_precision": 0.8335754900443044,
    "f1": 0.8695652173913043,
    "accuracy": 0.7954545454545454,
    "n_test": 132,
    "n_positive": 97,
    "n_negative": 35
  }
}