Dataset,PSO_RMSE,PSO_R2,ABC_RMSE,ABC_R2,GA_RMSE,GA_R2,SA_RMSE,SA_R2,HC_RMSE,HC_R2,RANDOM_RMSE,RANDOM_R2
Caco2_Wang,0.0025796182453632355,0.5290169715881348,0.0025796182453632355,0.5290169715881348,0.0025796182453632355,0.5290169715881348,0.002882822183892131,0.411793053150177,0.002977819414809346,0.37238824367523193,0.0030398929957300425,0.3459499478340149
Clearance_Hepatocyte_AZ,54.40271759033203,-0.28425920009613037,54.40271759033203,-0.28425920009613037,54.40271759033203,-0.28425920009613037,50.29160690307617,-0.09749495983123779,88.33502960205078,-2.38592529296875,59.67121124267578,-0.545045018196106
Clearance_Microsome_AZ,614.2774658203125,-10.0,614.2774658203125,-10.0,614.2774658203125,-10.0,40.86054229736328,0.10040223598480225,614.2774658203125,-10.0,125.84424591064453,-7.533100128173828
Half_Life_Obach,20.367801666259766,0.11893892288208008,20.367801666259766,0.11893892288208008,20.367801666259766,0.11893892288208008,20.907785415649414,0.07160276174545288,21.32276725769043,0.03438323736190796,22.249011993408203,-0.05133020877838135
