Feature,Correlation,Abs_Correlation
MW,0.11421710726107603,0.11421710726107603
TPSA,0.07013892012682066,0.07013892012682066
HBA,0.06756448302190246,0.06756448302190246
FractionCSP3,0.05993975705355823,0.05993975705355823
HBD,0.05870465823417324,0.05870465823417324
LogP,0.05066986375019227,0.05066986375019227
NumAromaticRings,-0.0436217970184341,0.0436217970184341
NumRotatableBonds,-0.0286536608273629,0.0286536608273629
