mean,median,std,min,max
0.08004382648768052,0.07246376811594203,0.05616592528916374,0.0,1.0
