Feature,Correlation,Abs_Correlation
LogP,0.4038215502678834,0.4038215502678834
NumAromaticRings,0.39592637253599267,0.39592637253599267
MW,0.28389121298908504,0.28389121298908504
TPSA,-0.27486741364188244,0.27486741364188244
NumRotatableBonds,0.2027748797960257,0.2027748797960257
HBD,-0.1767832711610575,0.1767832711610575
HBA,-0.1446983283917382,0.1446983283917382
FractionCSP3,-0.09428776748997648,0.09428776748997648
