mean,median,std,min,max
0.10656164575336141,0.09803921568627451,0.06435904635595559,0.0,1.0
