Feature,Correlation,Abs_Correlation
TPSA,-0.15269736527171288,0.15269736527171288
HBD,-0.14530691897707024,0.14530691897707024
MW,-0.12037005622539686,0.12037005622539686
LogP,0.06035701645574969,0.06035701645574969
FractionCSP3,-0.0510428715555074,0.0510428715555074
HBA,-0.05001881989583307,0.05001881989583307
NumRotatableBonds,-0.020170220074327408,0.020170220074327408
NumAromaticRings,0.0028813974514418556,0.0028813974514418556
