mean,median,std,min,max,skewness,kurtosis
42.90037098103874,19.0,49.82677102466588,3.0,150.0,1.2350491879439274,0.06846102176403646
