mean,median,std,min,max
0.12235148809897448,0.11538461538461539,0.054893985144524766,0.0,1.0
